No,Nama,KELAS,NIS,JK,NISN,Tempat Lahir,Tanggal Lahir,NIK,Agama,Alamat,HP
637,ALERICHIE NUNO IBRAHIM,XII 1,10674.0,L,77676331,Jember,2007-07-09,3509190907070001,Islam,Jl. Raden Rahmat I/17 Jember,895370595700.0
638,Andika Maulana,XII 1,10687.0,L,78946416,Denpasar,2007-08-14,5171031408070001,Islam,Perum Pesona Surya Milenia C4,81703034355.0
639,ARDIO HERMI JULIANSYAH,XII 1,10691.0,L,76321152,JEMBER,2007-07-12,3509131207070001,Islam,JL. MANGUNSARKORO BLOK 4 NO. 4,81234172515.0
640,AURELIA TSABITA ARIFIN,XII 1,10704.0,P,86454102,JEMBER,2008-05-08,3509084805080001,Islam,JALAN KARETAN,85333879373.0
641,CHELICCA PUTRI ARIANI,XII 1,10717.0,P,82335041,Jember,2008-05-02,3509194205080001,Islam,Jl. Hayam Wuruk No. 132,82334059479.0
642,Chesya Agustina Putri,XII 1,10719.0,P,84030951,Jember,2008-08-17,3509195708080003,Islam,Jl. Hayam Wuruk No. 102,85817756409.0
643,CLARESTA AUDRYA NOOR ALEEMA,XII 1,10722.0,P,78934082,JEMBER,2007-09-22,3509196209070003,Islam,PERUM PESONA SURYA MILENIA E-05,87820800794.0
644,DAFI' ALFIAN SETYAWAN,XII 1,10725.0,L,88840331,JEMBER,2008-08-18,3509191808080003,Islam,JL. Melati V,85645835981.0
645,DEVI KURNIA HIDAYATI,XII 1,10736.0,P,75435595,JEMBER,2007-08-26,3509176608070001,Islam,DUSUN LONCATAN,85854704462.0
646,Dilla Fia Maulida,XII 1,10739.0,P,87852840,Banyuwangi,2008-04-18,3509205804080001,Islam,Puri Bunga Nirwana Kelapa Gading A1,895369752323.0
647,FAIRUZ DZAKI DWI SYAHPUTRA,XII 1,10749.0,L,71258409,JEMBER,2007-06-07,3509200706070003,Islam,JL MELATI V,81230409620.0
648,FEBRIYANTI WULANDARI,XII 1,10756.0,P,87894888,JEMBER,2008-02-12,3509195202080002,Islam,JL. LUMBA-LUMBA II 61,89667358050.0
649,Gabriel Putra Uladi,XII 1,10767.0,L,87161244,Jember,2008-06-25,3509192506080003,Kristen,Perum Dharma Alam Blok V-5,82143179702.0
650,Gracellina Theodora Chavvah,XII 1,10772.0,P,73839621,Pasuruan,2007-12-09,3509074912070001,Kristen,Perum New Tegal Besar Cluster,85792987376.0
651,HAURA AULIA OINERE,XII 1,10776.0,P,82925353,KEDIRI,2008-11-20,3509196011080004,Islam,Jl. Gajah Mada XXI / 215 Lingk. Condro,
652,INDAH MAULIDA,XII 1,10783.0,P,85392082,JEMBER,2008-03-22,3509196203080003,Islam,Jl. KH. Siddiq IV Blok I/9 Jember,85892421445.0
653,LISA AYU CAROLIN PUTRI,XII 1,10813.0,P,74133153,Jember,2007-09-20,3509196009070002,Islam,Jl. Imam Sukari Lingk. Karangmluwo,89505264423.0
654,MAHESWARI INDIANA LUNA LITUHAYU,XII 1,10819.0,P,79815806,JEMBER,2007-08-08,3509204808070003,Islam,JL. SRIKOYO BTN 82,89699150109.0
655,Muhammad Ferdiyansyah,XII 1,10849.0,L,78573089,Jember,2007-01-09,3509140901070001,Islam,Wonolangu,
656,MUHAMMAD HADI SURYA PRAMONO,XII 1,10850.0,L,82599981,JEMBER,2008-02-04,3509190402080005,Islam,Jl. Jumat No. 15,89517369936.0
657,MUHAMMAD ZIDANE,XII 1,10861.0,L,75003811,Jember,2007-08-05,3509140508070001,Islam,Jl. KH Agus Salim,83854603181.0
658,MUTIARA BALQIS RAMADHANI,XII 1,10863.0,P,71632628,JEMBER,2007-10-03,3509194310070002,Islam,JL. HOS. COKROAMINOTO I BLOK II / 26,895411096438.0
659,NABELLA RAHMADANI,XII 1,10865.0,P,79136239,JEMBER,2007-09-19,3509195909070002,Islam,JL. LUMBA LUMBA,881026899742.0
660,NABILAH ZAHRA AURELIA,XII 1,10867.0,P,79944669,JEMBER,2007-06-07,3509154706070001,Islam,JL. GURAMI NO 35,81234189642.0
661,NAFISAH AL ATSARIYYAH,XII 1,10876.0,P,87983640,JEMBER,2008-05-19,3509205905080001,Islam,PERUM DHARMA ALAM AD 06,85204974540.0
662,Nailatul Fadilah,XII 1,10880.0,P,83314399,Jember,2008-05-17,3509175705080002,Islam,Sumuran,
663,NAZWHA CARISYA PUTRI,XII 1,10981.0,P,81569029,JEMBER,2008-04-09,3509194904080004,Islam,PERUM GMI BC 35,81336943991.0
664,OKTAVIAN DWI SUDARSONO,XII 1,10894.0,L,71447395,JEMBER,2007-10-14,3509191410070002,Islam,JL. UDANG WINDU ,89507822333.0
665,REVALINA REZA RAJASA,XII 1,10920.0,P,76702447,JEMBER,2007-11-12,3509045211070002,Islam,BAGOREJO,
666,Safira Bila Lakviano,XII 1,10934.0,P,79308616,Jember,2007-10-01,3509174109070004,Islam,Krasak,85790825890.0
667,Safrina Dwi Ramadhani,XII 1,10935.0,P,74463971,Jember,2007-09-06,3509204609070002,Islam,Jl. Kaca Piring II/6,82139495351.0
668,Sandy Sugiyono,XII 1,10938.0,L,72285175,Bogor,2007-07-20,3509212007070003,Islam,Asrama Yon ARMED 8,81217921042.0
669,SITI FARADILLA ZALMA KORIA,XII 1,10943.0,P,78170444,LUMAJANG,2007-01-31,3509177101070001,Islam,PONDOK LABU,
670,SULTAN MAULANA IBRAHIMOVIC,XII 1,10949.0,L,72451699,JEMBER,2007-06-02,3509150206060001,Islam,JL. BRAWIJAYA,89656966633.0
671,TASYA ZERA AUGUSTINE,XII 1,10952.0,P,76515262,JEMBER,2007-08-04,3509204408070001,Islam,JL. BUNGUR IV NO. 10,81217513122.0
672,ZAHRO ANGGI NABILAH,XII 1,10976.0,P,79940993,JEMBER,2007-12-03,3509134312070002,Islam,JL. JAYANEGARA NO 26 ,81999348547.0
673,ABDI ILHAM FIRDAUS,XII 2,10665.0,L,74641996,JEMBER,2007-10-11,3509091110070002,Islam,JL. BALUNG SUKOREJO - BANGSALSARI,82230557549.0
674,ADINDA AMALIA SEPTRIASAH,XII 2,10667.0,P,78648414,JEMBER,2007-09-05,3509194509070002,Islam,JL. SUNAN BONANG 1C/NO. 25,85855579392.0
675,ALGHAFIEL NATHAN SABILILLAH,XII 2,10676.0,L,85645693,JEMBER,2008-06-24,3509152406080001,Islam,Jl. Gurami,81916628200.0
676,APRILIA DESI WULANDARI,XII 2,10690.0,P,75869640,JEMBER,2007-04-06,3509194604070003,Islam,JL. UDANG WINDU NO. 64,83173364946.0
677,ARKAN RAHMATULLAH AMARDINO,XII 2,10696.0,L,71293002,JEMBER,2007-06-19,3509191906070004,Islam,JL. DR. SUTOMO II NO. 68,8976430648.0
678,AULIA CHANDRA KIRANA,XII 2,10700.0,P,86637503,JEMBER,2008-01-18,3509195801080002,Islam,PURI MOJO PERMAI BLOK  D,82139062200.0
679,Chelsy Viana Clarita,XII 2,10718.0,P,82207247,Jember,2008-04-15,3509205504080002,Islam,Jl. Kasuari II no. 03,85233682134.0
680,DEDEK MAHARANI DWI ARIFKA,XII 2,10732.0,P,85998948,JEMBER,2008-12-03,3509194312080003,Islam,JL. SUMBER URIP LINK MRAPA,89505068793.0
681,DIFTA AYU ANDARI,XII 2,10738.0,P,75674137,Jember,2007-12-29,3509196912070001,Islam,Jl. Teratai Gg. 7,89626761260.0
682,DINI AMALIA SARI,XII 2,10740.0,P,75035678,JEMBER,2007-12-15,3509195512070004,Islam,JL. Wijaya Kusuma No.28,881026357257.0
683,DINO RIZKY PRATITO,XII 2,10741.0,L,88477094,JEMBER,2008-06-28,3509192806080001,Islam,JL. HAYAM WURUK 151,82131362700.0
684,DIVA NUR AZHARYAH,XII 2,10742.0,P,83195089,JEMBER,2008-05-25,3509156505080001,Islam,JALAN KENANGA 8B 12,82341889629.0
685,EDRIA FAHRIL ZEEN,XII 2,10745.0,L,71303333,JEMBER,2007-06-01,3509140106070001,Islam,TENGGILING,85331419583.0
686,FARIMATUL HASANAH,XII 2,10751.0,P,73006985,JEMBER,2007-02-27,3509175109070001,Islam,KRAJAN,85895929013.0
687,HILMI FAYSAL FADIL,XII 2,10779.0,L,88054010,JEMBER,2008-05-13,3509191305080005,Islam,JL. LUMBA-LUMBA IV 106,83853973624.0
688,HUSNUL HOTIMAH,XII 2,10780.0,P,72460418,JEMBER,2007-04-10,3509195004070005,Islam,JL. BANDENG 43,88223545201.0
689,JEIHAN CALLISTA USMAN,XII 2,10789.0,P,85821578,JEMBER ,2008-05-24,3509196405080002,Islam,PERUM TAMAN GADING BLOK ND-01,81235084886.0
690,KAFI SINTA ROHMAN,XII 2,10791.0,P,73276362,JEMBER,2007-04-09,3509174904070001,Islam,ARGOPURO,82367699650.0
691,KAIZEN CETRA MARSRI WIBAWA,XII 2,10792.0,L,76416818,JEMBER,2007-04-09,3509190904070001,Islam,PERUM BUMI MANGLI PERMAI AE NO.5,82143705614.0
692,KAYLA AURIEL LOVVY,XII 2,10795.0,P,81730195,JEMBER,2008-05-25,3509196505080004,Islam,JL KENANGA V NO 32,81358001534.0
693,Lia Nur Azizah,XII 2,10809.0,P,73328014,Jember,2007-11-24,3509196411070005,Islam,Jl cadika,85731695540.0
694,LUTFIAH ANNAFI RAMADANI,XII 2,10816.0,P,83173596,JEMBER,2008-09-03,3509194309080003,Islam,PERUM. BMP BLOK I/14,89697777261.0
695,MUCHAMMAD MUNDHIR NADHIR AL FAUZANI,XII 2,10840.0,L,79295309,JEMBER,2007-10-19,3509191910070004,Islam,-,
696,Muhammad Yusuf Aprilianto,XII 2,10860.0,L,84355836,Jayapura,2008-04-09,9171010904080004,Islam,Aspol POLDA,81357027742.0
697,MUZDALIFAH TUR ROCHMAH,XII 2,10864.0,P,88960567,Jember,2008-03-16,3509195603080003,Islam,Jl. Otista 69 Lingk. Karangmluwo,81909630367.0
698,Qorina Aliyatur Rivka,XII 2,10903.0,P,73177163,Jember,2007-08-25,3509196508070001,Islam,Gajah Mada Gg. XXIV/178,
699,Rahel Rukmana Hdriyah,XII 2,10908.0,P,78221091,Jember,2007-05-26,3509196605070002,Islam,Jln. Hayam Wuruk IX/36,85708780899.0
700,RAISA AYDIN RAFIF,XII 2,10910.0,L,81024893,JEMBER,2008-02-25,3509202502080001,Islam,-,
701,Rania Shasi Kirana,XII 2,10913.0,P,87955065,Jember ,2008-02-21,3509196102080002,Islam,Perum BMP CA 1,85330106774.0
702,RENITA DWI ARIANTI,XII 2,10917.0,P,86501613,JEMBER,2008-03-02,3509194203080002,Islam,PERUM BMP ,85746179692.0
703,RINDY PUTRI RAMADHANI,XII 2,10924.0,P,88918628,JEMBER,2008-09-23,3509156309080001,Islam,jubung,
704,Safira Amalia Pratiwi,XII 2,10933.0,P,78639428,Jember,2007-10-03,3509144310070001,Islam,DUSUN GLUNDENGAN,82244332130.0
705,SHAFWAN ROMANSA TJAKRA,XII 2,10940.0,L,83938184,JEMBER,2008-01-04,3509190401080001,Islam,JL. IKAN PAUS GG 2 NO 15,81262992610.0
706,SZWEETA AITHIA RASTRIAN IKSAN,XII 2,10950.0,P,72994529,PASURUAN,2007-11-20,3514026011070001,Islam,Jl raya wonosari,
707,VEBBY DHARISMA ANGGRAINI,XII 2,10963.0,P,83785322,JEMBER,2008-03-01,3509104103080005,Islam,-,87860523149.0
708,ZERLYNDHA AURELL SYAWALUNA,XII 2,10979.0,P,78436353,JEMBER,2007-10-19,3509235910070003,Islam,PERUM MANGLI RESIDENCE BARONANG 1 NO. 33,85230407421.0
709,ALDIANO WIJAYA KUSUMA,XII 3,10673.0,L,78062110,JEMBER,2007-07-03,3509190307070005,Islam,Perum Griya Mangli Indah Blok AA-30,82232664918.0
710,ALMER FATIN RAYHAN PRASETYA,XII 3,10680.0,L,75244002,Bondowoso,2007-07-14,3511131407070001,Islam,Jl. Moch. Seruji,3313574853.0
711,Anastya Najwaa Nabiilah,XII 3,10685.0,P,74640793,Jember,2007-11-03,3509194311070003,Islam,Perum. Bumi Mangli Blok F-18,81216244101.0
712,ARSYA BAGUS DHARMAWAN,XII 3,10698.0,L,76543333,JEMBER,2007-05-28,3509192805070005,Islam,JL. BANDENG NO 7,8975078988.0
713,BRIAN ARI MUHADZDZIB,XII 3,10712.0,L,82266640,JEMBER,2008-10-27,3509192710080002,Islam,Jl. KH. Siddiq VII/84 Jember,82247436943.0
714,DANUARTHA ADHI NUGROHO,XII 3,10728.0,L,77667939,JEMBER,2007-05-09,3509190905070003,Islam,PERUM BUMI TEGAL BESAR BLOK BT-20A,89503553344.0
715,DARIN AGHNAT YUSFIYAH,XII 3,10730.0,P,89600100,Jember,2008-02-03,3509204302080001,Islam,Jl. Kaca Piring Gg. I No. 17 Lingk. Gebang Tengah Rt 02 Rw 01,895630701687.0
716,FAVIAN ABHITAH ABDI,XII 3,10754.0,L,82987552,LUMAJANG,2008-04-21,3508102104080001,Islam,PERUM DHARMA ALAM BLOK BD 17,85231857804.0
717,KHOIRUNIL AZMI FIRDAUS,XII 3,10801.0,L,75682722,JEMBER,2007-12-11,3509191112070006,Islam,SEMPUSARI KRAJAN,8976450435.0
718,LEVINA VAIZATUR ROHMAH,XII 3,10808.0,P,74723916,JEMBER,2007-06-06,3509264606070001,Islam,TANJUNGSARI,89505503322.0
719,M. ROBBY DESTA PRATAMA,XII 3,10817.0,L,79215001,JEMBER,2007-12-16,3509191612070001,Islam,Jl. Raya Sultan Agung I/148 Jember,81515867952.0
720,MOCHAMMAD BAYU ANDHARA,XII 3,10834.0,L,84968664,JEMBER,2008-02-13,3509211302080001,Islam,PERUM DHARMA ALAM CD 4,87814873259.0
721,MUHAMMAD ALDY PRASETYO,XII 3,10844.0,L,87512246,JEMBER,2008-02-04,3509190402080002,Islam,JL. RAUNG NO. 7,85262483473.0
722,MUHAMMAD AZKA RIZKI PRAJAPUTRA,XII 3,10845.0,L,71497356,JEMBER,2007-08-25,3509152508070001,Islam,JL. PERUMAHAN KODIM 6913/172,81252466616.0
723,MUHAMMAD IZYAN ALFARISY,XII 3,10853.0,L,89629928,JEMBER,2008-03-08,3509200803080001,Islam,JL. Dr. SUBANDI NO. 118 PATRANG,85287798778.0
724,MUHAMMAD RIZKI AZARIA NURDAYANTO,XII 3,10857.0,L,71030645,JEMBER,2007-03-18,3509131803070002,Islam,KRAJAN LOR,81358886157.0
725,MUHAMMAD RIZQY FAJAR UBAIDILLAH,XII 3,10858.0,L,79833811,BOJONEGORO,2007-10-31,3509193110070002,Islam,PERUM BUMI TEGA BESAR BLOK CA-48,81235038689.0
726,MUKHAMMAD RAMADHAN PRATAMA PUTRA,XII 3,10862.0,L,82993246,JEMBER,2008-09-17,3509071709080001,Islam,PERUM BMP ED 16,89656940606.0
727,NADYA AURELLYA AZZAHRA,XII 3,10873.0,P,73357838,JEMBER,2007-08-23,3509166308070001,Islam,LANGSEPAN,
728,Najwa Alfa Amirah,XII 3,10881.0,P,84284684,Jember,2008-04-11,3509135104080001,Islam,JL. PB SUDIRMAN,89627522256.0
729,NAYLA MAADHANI,XII 3,10887.0,P,76445136,JEMBER,2007-08-03,3509244308070001,Islam,JL. SARANGAN NO. 1,81216246212.0
730,NUR YULIANA,XII 3,10892.0,P,77453595,JEMBER,2007-07-15,3509195507070007,Islam,-,
731,Pandhu Ramadani,XII 3,10896.0,L,72457304,Jember,2007-09-25,3509192509070002,Islam,JL. Arowana II / 42,83111695240.0
732,Puadewa Mochamad Axel D'byastara,XII 3,10898.0,L,87489969,Surabaya,2008-03-19,3578051903080001,Islam,Perum. Bumi Tegal Besar,82132420975.0
733,PUTRIKU KIRANA SYARIFA,XII 3,10901.0,P,78508187,JEMBER,2007-06-06,3509194606070002,Islam,JL. JUMAT 43,82140733459.0
734,Rizki Nur Drajati,XII 3,10927.0,P,74409380,Jember,2007-07-11,3509195107070004,Islam,Jl. Cadika Lingk. Gerdu,85755868716.0
735,ROBY IBRAHIM KASTARA,XII 3,10930.0,L,82384901,JEMBER,2008-01-18,3509131801080002,Islam,DUSUN KIDUL PASAR,89602609637.0
736,SALSABILA RAHMA PUTRI,XII 3,10936.0,P,84098096,JEMBER,2008-05-16,3509195605080001,Islam,JL. UDANG WINDU 59,81259574727.0
737,SHAFINA SHAFA KAMALIA,XII 3,10939.0,P,72615703,JEMBER,2007-07-20,3509176007070005,Islam,DUSUN KRESEK,82245888247.0
738,TRISTIAN TIMOTHY P.SUSANTO,XII 3,10956.0,L,72514392,SURABAYA,2007-10-09,3578100910070006,Kristen,Istana Kaliwates Residence Blok Persia B-33,895366683866.0
739,VICKY SYAHDAN MUSABBICCA,XII 3,11636.0,L,83929470,JEMBER,2008-06-29,3509092906080009,Islam,Dusun Sumberketangi RT. 002 RW. 024 Desa Tugusari Kec. Bangsalsari,81252621203.0
740,VINI KSATRIA RAMADHAN,XII 3,10965.0,L,78340676,JEMBER,2007-10-07,3509200710070001,Islam,JL. APEL VI/7,8563902790.0
741,ALLESANDRO KEVIN SUPRIANTO,XII 4,10679.0,L,83824128,MADIUN,2008-05-06,3509200605080006,Kristen,PERUM DHARMA ALAM BLOK X NO. 2,81370528214.0
742,BANGKIT SANDI HIDAYAT,XII 4,10708.0,L,82165553,JEMBER,2008-06-03,3509210306080001,Islam,PERUM SUMBERSARI PERMAI 3/C18,85236166438.0
743,FATIMAH NAYA AZZAHRA WAHYUDI,XII 4,10752.0,P,73326567,JEMBER,2007-11-12,3509155211070002,Islam,JL. MUJAHIR,82244151300.0
744,FERDI ESTU PRAYUGO,XII 4,10759.0,L,72841493,JEMBER,2007-02-05,3509190502070002,Islam,JL. LUMBA-LUMBA 287,81259574721.0
745,FITRA NUR RAMADHANI,XII 4,10764.0,P,79436396,Jember,2007-09-25,3509196509070002,Islam,Jl. Hayam Wuruk 221 A,89638892288.0
746,HELENA AURORA PUTRI NUGROHO,XII 4,10778.0,P,82042134,JEMBER,2008-06-26,3509196606080003,Kristen,JL. IMAM SUKARI 8,82335198960.0
747,JIHAN AURELLIA,XII 4,10790.0,P,78418842,JEMBER,2007-03-03,3509194403070003,Islam,JL. LUMBA-LUMBA 172,85236457593.0
748,KENZO KALINGGA ENDRA,XII 4,10796.0,L,81814266,JEMBER,2008-04-19,3509191904080004,Islam,PERUM PESONA SURYA MILENIA,85338022707.0
749,Malieq Zafie Karobbin,XII 4,10821.0,L,76394442,Jember,2007-11-24,3509192411070001,Islam,Jl. Hayam Wuruk IX No. 84,81335517603.0
750,MAURA DEVINA AZZAHRA,XII 4,10825.0,P,86196928,JEMBER,2008-09-04,3509194409080002,Islam,JL. SUNAN GIRI NO.13,81334241686.0
751,MOCHAMMAD RAFIQI ATHALLAH,XII 4,10835.0,L,76420766,JEMBER,2007-08-23,3509192308070001,Islam,PERUM KEBONAGUNG BLOK 7/4,81252932314.0
752,MOCHAMMAD YUSUF ISLAM,XII 4,10836.0,L,77850590,JEMBER,2007-07-22,3509192207070004,Islam,JL. DANAU TOBA,895385287133.0
753,MUHAMMAD EXCEL EKAPOETRA,XII 4,10846.0,L,77001861,JEMBER,2007-08-27,3509192708070002,Islam,JL. K.H. WAHID HASYIM IX/103,83847844222.0
754,MUHAMMAD FARHAN ABI F.,XII 4,10848.0,L,87039411,Jember,2008-01-19,3509151901080001,Islam,Jl. KH. Moch. Yasin RT.02 RW.01,85334027782.0
755,MUHAMMAD RAFA HAIDAR,XII 4,10854.0,L,75994631,JEMBER,2007-11-02,3509190311070001,Islam,JL. LUMBA-LUMBA GG 1 E,83847838998.0
756,MUHAMMAD WIRA ADINATA,XII 4,10859.0,L,84675462,JEMBER,2008-05-16,3509131605080001,Islam,JL. NUSANTARA BLOK D/1A,85776691968.0
757,NAILAH AMIRAH KHAIRUNNISA,XII 4,10879.0,P,83173279,JEMBER,2008-02-28,3509206802080002,Islam,JL. MANGGIS NO. 27 JEMBER,81336287791.0
758,Nita Amelia,XII 4,10890.0,P,86257441,Jember,2008-08-30,3509157008080001,Islam,Dusun Curahdami,87841302546.0
759,PUAN NAVI'AH ZAHWA RAHMANDANI,XII 4,10899.0,P,87713497,JEMBER,2008-03-29,3509196903080004,Islam,JL. KH WAHID HASYIM XV/211,82140481099.0
760,Qanita Silawati,XII 4,10902.0,P,75473985,Jember,2007-10-21,3509196110070002,Islam,Jln. Hayam Wuruk 1/257,81233600429.0
761,RAFI DWI RADESTA FAREZI,XII 4,10906.0,L,79149501,MALANG,2007-10-29,3509152910070001,Islam,Perum Dharma Alam D-25,82245099112.0
762,RAHADIAN ACHMAD KHADAFI,XII 4,10907.0,L,75320063,Pekanbaru,2007-11-11,3273271111070001,Islam,Perumahan Griya Sunyaragi Jl. Perjuangan Blok.G-30,81286661736.0
763,RAIHAN AL FARIZI,XII 4,10909.0,L,81756660,JEMBER,2008-01-16,3509191601080001,Islam,JL. UDANG WINDU,82228504164.0
764,Ramadhani Panji Satria,XII 4,10912.0,L,75404683,Jember,2007-09-20,3509192009070001,Islam,Jln. Hayam Wuruk IX,81336881985.0
765,Rayhan Ali Radja,XII 4,10915.0,L,76461700,Jember,2007-09-15,3509061509070003,Islam,Jln. Hayam Wuruk,
766,Revananda Siti Nur Syafiah,XII 4,10921.0,P,74889928,Jember,2007-07-18,3509195807070002,Islam,Jl. Gajah Mada XXVIII/19,89602452719.0
767,Riski Adi Nugroho,XII 4,10925.0,L,71554042,Jember,2007-07-08,3509190807070001,Islam,JL. Arowana,85602338313.0
768,RIYAN ADITYA SAPUTRA,XII 4,10926.0,L,78844993,JEMBER,2007-12-15,3509191512070005,Islam,Jl. Sumber Urip,81450077137.0
769,SHOBRIE ARIEFQI ESA VIRNANDA,XII 4,10942.0,L,71133122,JEMBER,2007-08-28,3509202808070005,Islam,JL. MANGGAR GG. JAMBU NO. 32,82245481347.0
770,Tsaqif Bhahtiar Sugiyanto,XII 4,10957.0,L,84704164,Situbondo,2008-11-26,3509192611080001,Islam,"PERUM GRAND PURI BUNGA NIRWANNA, CALIFORNIA E-15",
771,VIONA AMALIA PUTRI,XII 4,10966.0,P,74927800,JEMBER,2007-03-28,3509146803070002,Islam,DUSUN PAKIS UTARA,81249158336.0
772,Wahyu Dwi Sofarel,XII 4,10967.0,L,76459549,Jember,2007-05-27,3509192705070003,Islam,Gajah Mada 31,85233285200.0
773,YUDISTIRA PAMBAYUN ALFATHY,XII 4,10971.0,L,82296164,JEMBER,2008-06-24,3509202406080001,Islam,JL. CEMPEDAK IX/ 11 LINGK. KREYONGAN ATAS,81230184367.0
774,ZIDAN NABIL FARELL PRADITYA,XII 4,10980.0,L,84290893,JEMBER,2008-01-29,3509132901080002,Islam,JL. TERATAI I/45,82132849199.0
775,AHMAD ALBADRUL MUNIRU,XII 5,10669.0,L,75035036,Jember,2007-11-12,3509191211070003,Islam,Jl. Otista 19 Lingk. Karang Mluwo,881024661385.0
776,AISYAH SHAFIRA IRAWAN,XII 5,10672.0,P,75053886,JEMBER,2007-08-01,3509054108070004,Islam,KRAJAN LOR,85707337200.0
777,ALVIN NAILIY YUSRO,XII 5,10681.0,L,77765249,JEMBER,2007-08-11,3509191108070004,Islam,PERUM BMP IF 07,85608501879.0
778,AMBARWATI JESSIE PRASISTA,XII 5,10682.0,P,75742197,JEMBER,2007-10-05,3509024510070002,Kristen,DUSUN TEMPURAN,81249999050.0
779,ANINDYA PUTRI PRAMESTI,XII 5,10688.0,P,74685357,Jember,2007-12-16,3509195612070004,Islam,Jl. Anggur 13/44,81913591641.0
780,ATTANIA IZZA AULIA ADDINA,XII 5,10699.0,P,72933796,JEMBER,2007-03-14,3509195403070002,Islam,PERUM GMI BB 25,85733305673.0
781,BERLIAN NUR RIHADATUL AISY,XII 5,10709.0,P,75771725,JEMBER,2007-07-23,3509196307070001,Islam,JL. GAJAH MADA XVII NO. 53,82146962878.0
782,CECILLIA DONA RAHMADANI,XII 5,10716.0,P,79690882,JEMBER,2007-10-02,3509194210070002,Islam,JL.SULTAN AGUNG VIII / 14,85258895631.0
783,Clairine Shafi Salsabilla,XII 5,10721.0,P,76690601,Jember,2007-11-27,3511196711070002,Islam,Blawan,87826563048.0
784,DANNIS KEYKO PRADINATA,XII 5,10727.0,L,77621968,Lombok Barat,2007-06-20,3509022006070002,Islam,Jl. Arowana No. 33,87875300888.0
785,Dara Ninggar Dwi Lintang Dinanti,XII 5,10729.0,P,72826494,Jember,2007-05-27,3509196705070003,Islam,Hayam Wuruk No. 111,8997840901.0
786,DELLA AMARTA RAHARJO,XII 5,10733.0,P,79625432,JEMBER,2007-03-19,3509195903070001,Islam,JL. TANJUNG NO.32,81357021765.0
787,FELISA PUTRI ALIFI,XII 5,10758.0,P,85732929,JEMBER,2008-01-24,3509196401080001,Islam,Jl. Sultan Agung III/29,81335027077.0
788,FINA DWI ANDINI AURELIA,XII 5,10761.0,P,87394634,JEMBER,2008-01-28,3509196301080004,Islam,JL. UDANG WINDU 14,81235036196.0
789,FIRMAN RIZKIYANSYAH,XII 5,10762.0,L,72419604,JEMBER,2007-08-21,3509152108070001,Islam,Jl.Brigjen Syaifudin,857466085540.0
790,GERISKA IMANDA PURWANTO,XII 5,10983.0,P,82713140,JEMBER,2008-02-28,3509136802080001,Kristen,JL. JAYANEGARA NO.36,81230182638.0
791,IMTIRANNAZWA NAFEEZA RAHMAWATI,XII 5,10782.0,P,73430415,Jember,2008-03-03,3509194303080003,Islam,Jl. Otista  171 Mangli ,89529400654.0
792,ISRINA RAFILA AL-GHIFARI,XII 5,10788.0,P,82026630,Jember,2008-01-19,3509195901080001,Islam,Perum Mangli Permai I Blok AB/9K,81515414717.0
793,Karen Louise Patricia,XII 5,10793.0,P,75875265,Jember,2007-10-16,3509245610070001,Kristen,Perum Bumi Mangli Permain Blok AA-04,82132420871.0
794,KEYSHA PUTRI RAHAYU KAMIL,XII 5,10799.0,P,82327300,JEMBER,2008-10-23,3509216310080002,Islam,JL. GURAMI NO. 7 ,82139466504.0
795,KINANTI RAHAYU PINASTI,XII 5,10802.0,P,74315707,JEMBER,2007-11-14,3509175411070001,Islam,-,
796,LEXAVANY AYURI,XII 5,11308.0,P,81324872,LUBUKLINGGAU,2008-07-19,1673025907080002,Islam,JL. MUSIUM,81373185522.0
797,MARIO BELFIN PAKA,XII 5,10822.0,L,77656093,JEMBER,2007-11-07,3509190711070002,Katholik,Perum. Dharma Alam B.7,82244336674.0
798,MELATI AGNIMALA SUCI,XII 5,10829.0,P,87366581,JEMBER,2008-08-18,3509205808080002,Islam,Jl. Lumba-Lumba Gang I,85336773989.0
799,MUHAMMAD HAZEL RIFKYANSYAH,XII 5,10852.0,L,76837536,JEMBER,2007-06-03,3509190306070003,Islam,JL. HAYAM WURUK 57,81230184579.0
800,NABILAH NASYWA NATHANIA,XII 5,10866.0,P,73268600,JEMBER,2007-10-17,3509195710070004,Islam,JL. HOS COKROAMINOTO I / IV NO 60,89626761613.0
801,NADINE VIVIA RENATA,XII 5,10872.0,P,81879625,Jember,2008-08-06,3509204608080002,Islam,Jl. Bungur 27,83122242212.0
802,NAFISYA RAHMADANIYAH RIDWAN,XII 5,10877.0,P,74018744,Jember,2007-10-01,3509144110070004,Islam,Jl. PB. Sudirman,82230935338.0
803,PUTERI TSURAYYA MASHDARUSSURUR ULYA SATRIADI,XII 5,10900.0,P,86728599,JEMBER,2008-05-07,3509194705080004,Islam,PERUM BUMI MANGLI PERMAI EA 3,85331410340.0
804,Riksa Kiki Amelia,XII 5,10923.0,P,87980917,Jember,2008-03-03,3509174303080001,Islam,Dusun Krasak,8814345960.0
805,RIZQITA BILLBINA,XII 5,10929.0,P,73463503,JEMBER,2007-08-05,3509194508070002,Islam,PERUMAHAN BUMI MANGLI PERMAI,81337116050.0
806,SHEILA PUTRI MAISYADIKA AFRIANDANI,XII 5,10941.0,P,78250697,JEMBER,2007-05-02,3509194205070004,Islam,PERUM BMP,81218886185.0
807,TIRTA LAZUARDI DEWANTARA,XII 5,10955.0,L,79229588,PROBOLINGGO,2007-10-22,3509212210070001,Islam,PERUM SUMBER BENDO C-46,82139252579.0
808,VANIA ADELINE PRIMALIA,XII 5,10960.0,P,85313289,JEMBER,2008-07-08,3509194807080003,Islam,PERUM TEGAL BESAR PERMAI 1 /AU-6,82235866633.0
809,ZAHRA AURA ARTALITA PUTRI,XII 5,10974.0,P,88658537,JEMBER,2008-08-09,3509044908080002,Islam,JL. HAYAM WURUK IX,85607083775.0
810,ZAHROH FAIZATUN NAJWA AL BAQIR,XII 5,10977.0,P,75848555,JEMBER,2007-10-30,7371097010070005,Islam,ASPOL TELLO BARU BLOK F NO 4,82131999911.0
811,A. DWI LATIFAH,XII 6,10664.0,P,72405304,JEMBER,2007-07-23,3509166307070001,Islam,LANGSEPAN,82245495455.0
812,Aisyah Nur Fadhilah,XII 6,10671.0,P,87940014,Jember,2008-04-01,3509214104080001,Islam,Pondok Bedadung Indah M-3,81359589482.0
813,AMIRAH ALI MAZIUN,XII 6,10684.0,P,84976869,JEMBER,2008-08-27,3509156708080001,Islam,PERUMDIM,82139591177.0
814,ATHA PUTRA ANDRIYA,XII 6,10982.0,L,79761265,Bondowoso,2007-12-06,3509190612070004,Islam,Jl. Astrokoro Perum Green Palace D6 Ponorogo,81522965877.0
815,Aurel Beta Novelia,XII 6,10703.0,P,75033379,Jember,2007-11-02,3509214211070004,Islam,Jl. Brantas 7 No. 22,82141644166.0
816,Cania Aprili Marissya Haq,XII 6,10714.0,P,81585208,Jember,2009-04-23,3509176304090003,Islam,Ajung krasak,81216452409.0
817,CARINNA CAHAYA PITALOKA,XII 6,10715.0,P,88863938,JEMBER,2008-03-06,3509204603080003,Islam,Jl. Slamet Riyadi Gg. Sentral Blok C-13,85704821274.0
818,Citra Putri Fitriyani,XII 6,10720.0,P,78097633,Jember,2007-10-14,3509195410070003,Islam,Jl. Tanjung Lingk. Krajan,
819,DAFFA HAFIZH FIRDAUS PUTRA ULUM,XII 6,10723.0,L,84319911,JEMBER,2008-04-26,3509062604080001,Islam,RUNGKUT ASRI UTARA XVI RL 31 NO. 04,85895677238.0
820,DESCA DWI ANINDYA PUTRI,XII 6,10735.0,P,78736102,SIDOARJO,2007-12-17,3578015712070001,Islam,Jl. Mangunsarkoro,85731007058.0
821,DEWI ANFAL FIRLIANA HAQIQI,XII 6,10737.0,P,76507344,JEMBER,2007-05-05,3509194505070003,Islam,-,
822,FARA PURNAMA SARI,XII 6,10750.0,P,89290663,JEMBER,2008-03-06,3509194603080006,Islam,BMP BLOK DN 10 MANGLI,81230527828.0
823,FATUR ROHMAN,XII 6,10753.0,L,86711347,JEMBER,2008-02-21,3509192102080003,Islam,Jl. Jumat,89667358030.0
824,GALUH FADILLAH ASRI,XII 6,11306.0,P,88322418,SIMANGAMBAT,2008-02-24,1203062402080005,Islam,PERUMKA. STAFF,82363151904.0
825,GRASHELA YULIANTIN,XII 6,10773.0,P,74519177,JEMBER,2007-07-09,3509174907070001,Islam,DUSUN KRESEK,85236158154.0
826,IBRA RACHMAN JAYA,XII 6,10781.0,L,79200959,JEMBER,2007-08-03,3509210308070003,Islam,Jl. Letjen Suprapto XC/ 34 Lingk. Sbr. Dandang,85748294205.0
827,KEYSHA PUTRI INTAN AURELIA,XII 6,10798.0,P,81149253,JEMBER,2008-01-19,3509155901080001,Islam,PERUMDIM JUBUNG,895369312875.0
828,KIRANIA DWI TAN INAYAH,XII 6,10804.0,P,78554636,JEMBER,2007-11-05,3509194511070003,Islam,JL. OTISTA 72 MANGLI,89529307562.0
829,LIDIYA DWI NANDA RISKYA WIJAYA,XII 6,10810.0,P,87306607,JEMBER,2008-02-06,3509204602080003,Islam,Jl. Rasamala,89529373465.0
830,Lily Ramadhani Lutfia,XII 6,10811.0,P,79727505,Jember,2007-10-06,3509204610070001,Islam,Jl. Kenanga VIII No. 145,881026403271.0
831,LINTANG DALU ARKANANTA,XII 6,10812.0,L,84407744,JEMBER,2008-05-18,3509061805080002,Islam,Dusun Krajan,82143247519.0
832,Maulidia Sinta Technica,XII 6,10824.0,P,84574683,Yogyakarta,2008-03-14,3509195403080001,Islam,Perum. Bumi Mangli Permai Blok A No. 22,81231909491.0
833,MAURA NASYWA AISI,XII 6,10826.0,P,72155909,JEMBER,2007-06-08,3509134806070001,Islam,Jl. Pemuda No. 30,89627522256.0
834,MOCHAMMAD MAGALI ALHABSI BASSAL AMAH,XII 6,10832.0,L,74327660,JEMBER,2007-06-04,3509211206070002,Islam,PERUM GRIYA PURI KENCANA AH/10,81359715788.0
835,Muhammad fikri irfani,XII 6,10985.0,L,78424014,LUMAJANG ,2007-11-30,3509203011070002,Islam,Jatiroto,
836,Nadzifa Hapsari Putri Mahbub,XII 6,10875.0,P,83752147,Kediri,2008-05-05,3509214505080001,Islam,-,
837,NANDA RISMA SALSABILLA,XII 6,10883.0,P,87964996,JEMBER,2008-02-20,3509196002080001,Islam,JL. Gajah mada XIX/106,85721901482.0
838,NATASYA NAJMA,XII 6,10885.0,P,76990921,Jember,2007-06-11,3509195106070006,Islam,GLAGAHWERO,8585677331.0
839,NAURA AZZAHRA SUWOTO,XII 6,10886.0,P,73376647,JEMBER,2007-08-23,3509196308070002,Islam,PERUM TEGAL BESAR PERMAI BLOK F NO.4-B,81334253258.0
840,NURAINI WIDYA AWANDINI,XII 6,10893.0,P,82964864,JEMBER,2008-01-03,3509194301080002,Islam,JL. HAYAM WURUK IV,82143170332.0
841,RACHEL ANANDA JOANA,XII 6,10904.0,P,86798192,TANJUNG SELOR,2008-08-15,6404055508080002,Islam,ZEBRA 23,82310288604.0
842,TEGUH ABDI WICAKSONO,XII 6,10953.0,L,85603523,JEMBER,2008-02-17,3509191702080001,Islam,JL. LUMBA-LUMBA,82247190105.0
843,URSILA PARSA RAMADHAN,XII 6,10959.0,P,74977221,JEMBER,2007-09-18,3509215809070002,Islam,JL. MERAPI 612,82194378849.0
844,Windy Kirana Yuliavha,XII 6,10970.0,P,82733999,Jember,2008-12-09,3509174912080001,Islam,Krasak,81232991485.0
845,YUNITA TRI YANA WULANDARI,XII 6,10972.0,P,73219803,JEMBER,2007-08-11,3509195108070002,Islam,Jl.Jumat,89513523808.0
846,ZAHRA BILQIS ASYIFA,XII 6,10975.0,P,71584191,JEMBER,2007-11-25,3509196511070002,Islam,JL. SUMBER URIP,81335084437.0
847,AHIL RAFIF DJAKWAN,XII 7,10668.0,L,72636632,JEMBER,2007-05-20,3509132005070001,Islam,JL. DARMAWANGSA 236 JEMBER,85252277083.0
848,ALFIATUS SA'DIYAH,XII 7,10675.0,P,71020950,Jember,2007-08-05,3509194508070001,Islam,Jl. Udang Windu Lingk. Krajan,81808776444.0
849,ALIATUS ZULFA,XII 7,10677.0,P,74062629,JEMBER,2007-12-30,3509137012070002,Islam,JL. AIRLANGGA,81331566120.0
850,Aliyyah Diinar Prihandani,XII 7,10678.0,P,71180300,Jember,2007-02-05,3509194502070002,Islam,Jl. Melati 52,85895892770.0
851,Amelia Ainur Rohma,XII 7,10683.0,P,71238307,Jember,2007-05-05,3509194505070004,Islam,Jl. Gajah Mada 240 Jember,89656747100.0
852,Aril Ananda Nurdiansyah,XII 7,10694.0,L,74643727,Jember,2007-07-22,3509192207070005,Islam,jl cadika,85735082800.0
853,Ayunda Fitria Riski,XII 7,10705.0,P,71879119,Jember,2007-10-15,3509195510070001,Islam,Jln. Hayam Wuruk ,82228512894.0
854,AZZAHRA NOVITA SALSABILA,XII 7,10706.0,P,75713957,JEMBER,2007-11-07,3509174711070001,Islam,DUSUN KLANCENG,
855,DAHAYU PUTRI KENSARI SETIAWAN,XII 7,10726.0,P,79325707,Jember,2007-06-13,3509195306070001,Islam,Perum Griya Mangli Indah Blok D No. 6,89515796538.0
856,FEBRY DARMAWAN,XII 7,10757.0,L,81244542,JEMBER,2008-02-08,3509190802080002,Islam,JL. KARTINI III/4,85748541081.0
857,FITRIA AMALIA,XII 7,10765.0,P,81157341,JEMBER,2008-02-16,3509135602080002,Islam,JL. PEMUDA NO. 39,85101519435.0
858,FRANCLIEN EVALDO,XII 7,10766.0,L,87189909,JEMBER,2008-04-05,3509190504080004,Islam,PERUM PESONA SURYA MILENIA B2/18,81357136791.0
859,GAGAH BATISTA DWI SETIA BUDI,XII 7,10768.0,L,79324310,JEMBER,2007-06-12,3509191206070002,Islam,PERUMDAM,8813509633.0
860,Gavra Gian Prayasetya,XII 7,10770.0,L,77717408,Jember,2007-12-30,3202103012070009,Islam,ASRAMA YONIF 310,81382988361.0
861,HABIEBBA ROUDLOTUL ISLAMIYA,XII 7,10774.0,P,78163085,Jember,2008-01-25,3509196501080003,Islam,Jl. Udang Windu Baru Lingk. Krajan,89531319141.0
862,HAZEL NAWARA,XII 7,10777.0,L,88796699,JEMBER,2008-01-03,3509190301080002,Islam,PERUM PESONA SURYA MILENIA B5/3,81233542270.0
863,INTAN NUR AINI,XII 7,10784.0,P,72510317,JEMBER,2007-04-19,3509135904070001,Islam,JL.JAYA NEGARA 10,89515815266.0
864,Irsyad Syaputra Nabih Abbad,XII 7,10787.0,L,87677566,Jember,2008-04-17,3509191704080003,Islam,Perum. Dharma Alam Blok Y-09,89521846146.0
865,KHAZANAH AURELIA AZIZI YULHENDAR,XII 7,10800.0,P,81742443,JEMBER,2008-08-09,3509204908080002,Islam,JL. WIJAYA KUSUMA GG VI NO. 7,89503337200.0
866,KIRANI WAHYU HANDAYANI,XII 7,10803.0,P,83877078,Bekasi,2008-12-15,3275055512080004,Islam,Perum. Dharma Alam H-13 Jember,82335169933.0
867,Krista Gabriella,XII 7,10805.0,P,75464544,Jember,2007-05-10,3509095005070002,Kristen,Perum Dharma Alam Z-12,81217447779.0
868,MALCHA SHILAWATI ARLIE SAKINAH,XII 7,10820.0,P,79469389,JEMBER,2007-06-10,3509195006070002,Islam,JL. HOS COKROAMINOTO I BLOK IV NO 65,85338799116.0
869,May Sarah Saraswati,XII 7,10827.0,P,76963995,Jember,2007-05-07,3509194705070003,Islam,Jl. Lumba-lumba IV Lingk. Krajan,89627411525.0
870,MOCH. ARBI FAREL IMANTA,XII 7,10831.0,L,84097529,JEMBER,2008-04-24,3509192404080001,Islam,JL. SUMBER URIP LINGK. MRAPA,81332966522.0
871,MOH FAHMI MUBAROK,XII 7,10837.0,L,76464562,JEMBER,2007-11-08,3509190811070002,Islam,JL. SUMBER URIP LINGK. MRAPA,81332966530.0
872,Muhamad Ghaniy Hari Saputra,XII 7,10841.0,L,81483342,Jember,2008-01-09,3509190901080004,Islam,Jln. Lumba-Lumba 1C,895362755588.0
873,NADIENDA NUR AZ - ZAHRA,XII 7,10870.0,P,71820722,JEMBER,2007-08-30,3509197008070004,Islam,BUMI MANGLI PERMAI AC-20,82143939273.0
874,NAHWA ZAHILLA VELISYAPUTRI,XII 7,10878.0,P,72780713,JEMBER,2008-02-05,3509194502080003,Islam,Jl.Jumat,81336194436.0
875,NASHITA BERLIANI FAIZAH,XII 7,10884.0,P,79848079,JEMBER,2007-02-27,3509206702070001,Islam,JL.BUNGUR NO. 81,81230188512.0
876,NAZMI NUR NAILA,XII 7,10888.0,P,87512611,JEMBER,2008-01-02,3509194201080003,Islam,SEMPUSARI KRAJAN,85234004165.0
877,Nur Inna Marini,XII 7,10891.0,P,78242252,Jember,2007-07-22,3509196207070003,Islam,Jln. Gajah Mada,82230940181.0
878,RAISHA MARTHA AULIA,XII 7,10911.0,P,83097139,JEMBER,2008-03-29,3509206903080004,Islam,JL. RAMBUTAN NO. 10,82140494294.0
879,SITI MUROH,XII 7,10944.0,P,61685477,JEMBER,2006-02-04,3509194402060008,Islam,Jl. Cadika NO 18,
880,Siti Rukmawatul Kurniyah,XII 7,10945.0,P,76212067,Jember,2007-09-29,3509196909070001,Islam,Jln. Hayam Wuruk 149,85231850421.0
881,SONIA FEFA CALOSA,XII 7,10946.0,P,73817091,JEMBER,2007-06-17,3509195706070004,Islam,PERUM DARMA ALAM Y/5,895387210989.0
882,ZAKIA 'AINUN NABILA,XII 7,10978.0,P,83351880,Jember,2008-04-10,3509085004080001,Islam,Jl. Karetan,85707317252.0
883,ADILLA DAVA MAURA AKAYLA,XII 8,10666.0,P,88678704,MALANG,2008-03-23,3507276303080001,Islam,Mangaran,85731701587.0
884,Ahmad David Maulana Iqbal,XII 8,10670.0,L,68728598,Jember,2006-03-11,3509191103060006,Islam,Jln. Hayam Wuruk IX/125,895370632070.0
885,ARSY FADILAH SALWA,XII 8,10697.0,P,88561833,JEMBER,2008-07-23,3509196307080003,Islam,JL. Gajah mada XIX/184,85100599292.0
886,AULIA FARA NABILAH,XII 8,10702.0,P,84433334,JEMBER,2008-02-23,3509196302080001,Islam,Perum. Tegal Besar Permai I/EZ- 5 Jember,85850064966.0
887,Bagas Pratama,XII 8,10707.0,L,83459415,Jember,2008-04-19,3509191904080003,Islam,Jl. Udang Windu,82244203278.0
888,CAHAYA LAURA RIZKY RAMADHANI,XII 8,10713.0,P,74744387,jember,2007-09-22,3509196209070006,Islam,JL. GAJAH MADA VIII NO. 74,89682921894.0
889,DAFFA PUTRA KARISMA,XII 8,10724.0,L,85788697,JEMBER,2008-01-27,3509192701080002,Islam,JL. UDANG WINDU 171,895633057275.0
890,Edlyneilen Rakha Abdillah,XII 8,11309.0,L,73620322,Jember,2007-11-17,3374011711070002,Islam,JL. SULTAN AGUNG 1/34,82131925818.0
891,Elvira Christ Rucita,XII 8,10746.0,P,82659957,Jember,2008-07-02,3509134207080005,Kristen,Jalan Jayanegara Rambipuji,89517370034.0
892,ELVIRA RAHMAPUTRI NABILA,XII 8,10747.0,P,82584968,JEMBER,2008-06-21,3509046106080002,Islam,MENAMPU,83834895773.0
893,Galih Prakoso,XII 8,10769.0,L,72085880,Semarang,2007-10-27,3509192911050010,Islam,Jln. Hayam Wuruk IX/129,82333050027.0
894,IRENE APRILIA WAHYU RIADI,XII 8,10785.0,P,75186538,Jember,2007-04-17,3509175704070002,Islam,Dusun Krajan,85230254563.0
895,JZESSY WIDIANA PUTRI PRASTYO,XII 8,11310.0,P,89570503,JEMBER,2008-01-07,3509044701080002,Islam,PANSELA,83147691696.0
896,Karindra Daffa Augusta,XII 8,10794.0,L,85412161,Jember,2008-02-25,3509192502080001,Islam,Perum Kebon Agung Indah XII / 18,85100924225.0
897,Kevin Duta Setya Atmaja,XII 8,10797.0,L,67636355,Jember,2006-08-18,3509191808060004,Islam,Jln. Hayam Wuruk,85204214795.0
898,KYLA AURA NEGARA,XII 8,10806.0,P,82988014,JEMBER,2008-10-07,3509074710080002,Islam,PERUM BMP CCB 17,83129292699.0
899,LUNA FEBRIA SERENITA FAROUQ,XII 8,10814.0,P,78470582,JEMBER,2007-02-28,3509216802070001,Islam,JL. BATURADEN NO. 55 JEMBER,85317177778.0
900,Lusiana Oktavia,XII 8,10815.0,P,73661684,Jember,2007-10-23,3509176310070001,Islam,JL. IMAM BONJOL GG. IMAM SYAFI'I LINGK. KEDUNG PIRING,8986890802.0
901,Mohammad Shavarel Azemi,XII 8,10839.0,L,71889036,Jember,2007-03-18,3509191803070002,Islam,Jl. Hayam Wuruk XIII No.34,82131960819.0
902,Nadhira Shafa Ashilla,XII 8,10868.0,P,86027288,Jember,2008-12-06,3509104612080001,Islam,-,
903,nadia ayu monica,XII 8,10869.0,P,87609971,jember,2008-08-30,3509187008080001,Islam,Perk.Bandialit,82334942101.0
904,NADYA MUMTAZ HAQUE,XII 8,10874.0,P,74124329,JEMBER,2007-11-21,3509206111070001,Islam,JL. RASAMALA 21,89512625705.0
905,RAFFI ADRIAN WIJAYA,XII 8,10905.0,L,75340623,BONDOWOSO,2007-08-05,3509190508090005,Islam,PERUM BERNADY LAND CLUSTER MAGNOLIA A/7,81331176966.0
906,REFICA DINAR APRILIA,XII 8,10916.0,P,82853641,JEMBER,2008-04-23,3509196304080003,Islam,JL. GAJAH MADA XIV LINGK. CONDRO,85855579383.0
907,RETA MAULINA PUTRI ARIANI,XII 8,10918.0,P,89058922,JEMBER,2008-03-18,3509195803080001,Islam,PERUM BUMI MANGLI PERMAI AE/ 1A,89696378660.0
908,RETNO AYU PURBANINGRUM,XII 8,10919.0,P,78221976,JEMBER,2007-05-29,3509196905070002,Islam,GRIYA MANGLI INDAH B 44,82140899734.0
909,SABRINA NAYA FADILAH,XII 8,10932.0,P,76744199,JEMBER,2007-11-30,3509217011070001,Islam,PERUM DHARMA ALAM Y 25,82228649540.0
910,Salsabilla Desvita Maharani,XII 8,10937.0,P,74223383,Jember,2007-12-22,3509176212070001,Islam,Jln. Hayam Wuruk,85236272808.0
911,TABITHALIA NADINE P.SUSANTO,XII 8,10951.0,P,76916059,SURABAYA,2007-10-09,3578104910070001,Kristen,Istana Kaliwates Residence Blok Persia B-33,8998968758.0
912,ULYA AFIQ RAZANA,XII 8,10958.0,P,75898723,JEMBER,2007-12-22,3509196212070001,Islam,PERUM GRIYA MANGLI INDAH E-5,89512644621.0
913,Vania Damayanti,XII 8,10962.0,P,3067690735,Jember,2007-04-23,3509196304070006,Islam,Jl.Kh Wahid Hasim 21 Lingk Penangan RT/RW:005/023,
914,Velan Gian Pangestu,XII 8,10964.0,P,71098586,Jember,2007-10-04,3509194410070002,Islam,Jl. Bandeng 201,81381431899.0
915,WARDATUL OLIVIANI,XII 8,10968.0,P,77285696,JEMBER,2007-07-27,3509146707070003,Islam,DUSUN GLUNDENGAN,85755507967.0
916,Washful Hasinul Akbar,XII 8,10969.0,L,85009899,Jember,2008-04-02,3509190204080004,Islam,Jln. Hayam Wuruk III/153,82335749362.0
917,ANDIEN RAHMADHINI,XII 9,10686.0,P,84318665,Jember,2007-03-21,3509206103070001,Islam,Manggar XI,89529374226.0
918,ANNISA PUTRI RAMADHANI,XII 9,10689.0,P,79886439,JEMBER,2007-10-06,3509244610070001,Islam,TERATAI VIII CONDRO UTARA,82233711525.0
919,Ari Kurniawan,XII 9,10692.0,L,81866667,Jember,2008-03-23,3509062303080002,Islam,Jl. Hayam Wuruk I Gang Vespa,85853661435.0
920,ARIEF RIFKY MAULANA,XII 9,10693.0,L,84000039,JEMBER,2008-03-02,3509150203080001,Islam,PERUMDIM F 15,89686541500.0
921,ARINA MITA DWI YANA ABDILLA,XII 9,10695.0,P,74801190,JEMBER,2007-03-25,3509196503070002,Islam,Jl. Trunojoyo 6/93 Jember,89512623509.0
922,AULIA DARODJATUN NADILAH AISYAH PUTRI,XII 9,10701.0,P,87575266,JEMBER,2008-07-11,3509195107080004,Islam,PERUM BUMI MANGLI PERMAI BLOK I6/01,82120411100.0
923,DAUNITA ARTA BILBINA,XII 9,10731.0,P,89333790,JEMBER,2008-09-28,3509206809080001,Islam,"Perumahan Grand Kaliurang C11, Antirogo Sumbersari",81249349390.0
924,DELVINO ARDI SAPUTRA,XII 9,10734.0,L,85371875,BANYUWANGI,2008-06-24,3510202406080002,Islam,Cangkring,81235339938.0
925,DWI CINDY RAMADHANI,XII 9,10743.0,P,78147137,JEMBER,2007-08-06,3509134608070002,Islam,DHRMAWANGSA,895352897711.0
926,DWI PUTRI RAHMAWATI,XII 9,10744.0,P,79060131,Jember,2007-08-26,3509196608070002,Islam,Jl. Jumat Lingk. Karang Mluwo,85621453900.0
927,FAYOLA LEENA APRILIA,XII 9,10755.0,P,73758442,JEMBER,2007-04-26,3509206604070001,Islam,JL. MANGGAR II/79,89505564331.0
928,FIKHAAR DHANDA NAJIYULLAH,XII 9,10760.0,L,87981638,JEMBER,2008-07-12,3509151207080001,Islam,DUKUHMENCEK,82332087058.0
929,GHINA ZAHRA NAFISAH,XII 9,10771.0,P,78470127,JEMBER,2007-09-29,3509216909070001,Islam,JL. KAHURIPAN ASRI NO. 2,82334360307.0
930,HANNY MAKRIFATUR RAHMANI,XII 9,10775.0,P,71205079,JEMBER,2007-07-06,3509194607070002,Islam,JL. LUMBA-LUMBA II/285,89513515669.0
931,IRMA RAMADHANI KUSTIANINGSIH,XII 9,10786.0,P,62986021,Jember,2006-10-15,3509195510060001,Islam,Jl. Melati II/57 Rt 02 Rw 06,8973088406.0
932,Laili Masquro,XII 9,10807.0,P,77575891,Jember,2007-10-04,3509194410070001,Islam,Jl. Sumber Urip,81515172420.0
933,MARSYA AYUNDANI,XII 9,10823.0,P,76383143,JEMBER,2007-03-15,3509215503070002,Islam,JL. YOS SUDARSO NO.20,88217124803.0
934,MEIDISTA ARIFINA FAHMAWATI,XII 9,10828.0,P,73313078,JEMBER,2007-05-02,3509204205070001,Islam,JL. MAWAR IX/20,85695626783.0
935,MIZZALUNA AZ ZAHRA,XII 9,10830.0,P,73627185,JEMBER,2007-06-03,3509194306070001,Islam,JL. KH. WACHID HASYIM XXI/I/90,87816998884.0
936,Mochamad Boma Maulana Rifki,XII 9,10833.0,L,74852863,Jember,2007-10-20,3509132010070002,Islam,Jl. Imam Bonjol 67A Jember,88231325003.0
937,MOH. FAHRIS RIZKY ANWAR MUZAKA,XII 9,10838.0,L,84853457,Jember,2008-08-09,3509190908080001,Islam,Jl. Melati V/24 Lingk. Pattimura Jember Rt 01 Rw 28,89635896644.0
938,MUHAMMAD AFANDI GIGIH PRASETYO,XII 9,10842.0,L,78393883,JEMBER,2007-11-21,3509192111070003,Islam,PERUM TEGAL BESAR PERMAI II V-6 JEMBER,85746550814.0
939,MUHAMMAD FAKHRI PUTRA HENDRAWAN,XII 9,10847.0,L,76826667,JEMBER,2007-06-01,3509190106070001,Islam,NUSANTARA VI D 15,89630115237.0
940,Muhammad Rijal Muhaimin,XII 9,10856.0,L,72782947,Jember,2007-12-13,3509191312070002,Islam,Desa Sumbersari Kecamatan Sumbersari,
941,Nadifatul Rizqi Awaliyah,XII 9,10871.0,P,76231236,Jember,2007-10-16,3509195610070001,Islam,Jln. Hayam Wuruk 1/226,85103183915.0
942,Olivia Vonny,XII 9,10895.0,P,88687294,Madiun,2008-03-27,3509196703080005,Katholik,Jalan Lumba-lumba II No. 1,89525131060.0
943,Pravasta Dwi Anggita,XII 9,10897.0,P,87657487,Jember,2008-01-10,3509195001080002,Islam,Gajah Mada XXVIII/12,81332088055.0
944,RAVIF DAVINAR EFENDI,XII 9,10914.0,L,63684247,JEMBER,2006-01-03,3509190301060002,Islam,JL. UDANG WINDU 22,81259564779.0
945,Rico Fadi Ibrahim,XII 9,10922.0,L,72523541,Jember,2007-11-14,3509201411070003,Islam,Jl. Anggrek III/25,89601635320.0
946,RIZKY AMELIA PUTRI,XII 9,10928.0,P,87775777,JEMBER,2008-01-10,3509155001080002,Islam,JL. MANGUNSARKORO NO. 7,82333247965.0
947,SULISTIOWATI,XII 9,10948.0,P,78888054,JEMBER,2007-11-20,3509196011070002,Islam,JL. BANDENG,8976448867.0
948,VANIA ARDITA NURAINI,XII 9,10961.0,P,79680619,JEMBER,2007-09-17,3509195709070002,Islam,PERUM DHARMA ALAM D-5,85103411699.0
949,ZAHRA AUDRYA PRADANA,XII 9,10973.0,P,89331020,JEMBER,2008-04-28,3509116804080002,Islam,JL. MT. HARYONO,81517281342.0
